day,renewals,failed,failed_pct,recovered_eur
2026-09-12,1204,52,4.3,0
2026-09-13,1188,47,4.0,0
2026-09-14,1231,55,4.5,0
2026-09-15,1219,49,4.0,0
2026-09-16,1260,58,4.6,0
2026-09-17,1242,51,4.1,0
2026-09-18,1198,46,3.8,0
2026-09-19,1277,53,4.2,0
2026-09-20,1301,57,4.4,0
2026-09-21,1265,50,4.0,0
2026-09-22,1249,48,3.8,0
2026-09-23,1288,54,4.2,0
2026-09-24,1310,56,4.3,0
2026-09-25,1296,49,3.8,0
2026-09-26,1322,31,2.3,203
2026-09-27,1305,22,1.7,232
2026-09-28,1340,18,1.3,261
2026-09-29,1318,17,1.3,218
2026-09-30,1351,15,1.1,240
2026-10-01,1372,19,1.4,209
2026-10-02,1344,16,1.2,226
2026-10-03,1360,14,1.0,238
2026-10-04,1381,17,1.2,197
2026-10-05,1366,15,1.1,214
2026-10-06,1390,13,0.9,229
2026-10-07,1402,16,1.1,201
2026-10-08,1385,14,1.0,232
2026-10-09,1411,15,1.1,240
